participant,question,correct,wrong,element,position
1,Q0,C,,C,T
1,Q0,C,,C,L
1,Q0,C,,C,B
1,Q0,C,,C,R
1,Q1,C,,C,T
1,Q1,C,,C,L
1,Q1,C,,C,B
1,Q1,C,,C,R
1,Q2,C,,C,T
1,Q2,C,,C,B
1,Q2,,O,N,R
1,Q2,-,,-,L
1,Q3,C,,C,T
1,Q3,C,,C,B
1,Q3,N,,N,R
1,Q3,-,,-,L
1,Q4,C,,C,T
1,Q4,C,,C,B
1,Q4,O,,O,R
1,Q4,-,,-,L
1,Q5,C,,C,T
1,Q5,C,,C,B
1,Q5,O,,O,R
1,Q5,-,,-,L
1,Q6,,C,N,T
1,Q6,,C,N,B
1,Q6,,C,N,R
1,Q6,-,,-,L
1,Q7,N,,N,T
1,Q7,N,,N,B
1,Q7,N,,N,R
1,Q7,-,,-,L
1,Q8,C,,C,T
1,Q8,,O,N,B
1,Q8,O,,O,R
1,Q8,-,,-,L
1,Q9,C,,C,T
1,Q9,,O,N,B
1,Q9,O,,O,R
1,Q9,-,,-,L
1,Q10,C,,C,L
1,Q10,,-,O,T
1,Q10,O,,O,R
1,Q10,-,,-,B
1,Q11,C,,C,L
1,Q11,O,,O,T
1,Q11,O,,O,R
1,Q11,-,,-,B
1,Q12,H,,H,T
1,Q12,,-,C,L
1,Q12,C,,C,B
1,Q12,C,,C,R
1,Q13,H,,H,T
1,Q13,C,,C,L
1,Q13,C,,C,B
1,Q13,C,,C,R
1,Q14,H,,H,T
1,Q14,C,,C,L
1,Q14,C,,C,B
1,Q14,O,,O,R
1,Q15,H,,H,T
1,Q15,C,,C,L
1,Q15,C,,C,B
1,Q15,O,,O,R
1,Q16,,-,H,T
1,Q16,H,,H,B
1,Q16,C,,C,L
1,Q16,C,,C,R
1,Q17,H,,H,T
1,Q17,H,,H,B
1,Q17,C,,C,L
1,Q17,C,,C,R
1,Q18,H,,H,L
1,Q18,C,,C,T
1,Q18,,C,N,R
1,Q18,-,,-,B
1,Q19,H,,H,L
1,Q19,C,,C,T
1,Q19,,O,N,R
1,Q19,-,,-,B
1,Q20,H,,H,L
1,Q20,H,,H,B
1,Q20,H,,H,R
1,Q20,C,,C,T
1,Q21,H,,H,L
1,Q21,H,,H,B
1,Q21,H,,H,R
1,Q21,C,,C,T
1,Q22,H,,H,L
1,Q22,H,,H,R
1,Q22,,O,C,T
1,Q22,,-,N,B
1,Q23,H,,H,L
1,Q23,H,,H,R
1,Q23,,O,C,T
1,Q23,,C,N,B
1,Q24,H,,H,L
1,Q24,H,,H,R
1,Q24,,H,C,T
1,Q24,,C,O,B
1,Q25,H,,H,L
1,Q25,H,,H,R
1,Q25,,N,C,T
1,Q25,,N,O,B
1,Q26,H,,H,T
1,Q26,C,,C,B
1,Q26,C,,C,R
1,Q26,,C,N,L
1,Q27,H,,H,T
1,Q27,C,,C,B
1,Q27,C,,C,R
1,Q27,,O,N,L
2,Q0,C,,C,T
2,Q0,C,,C,L
2,Q0,C,,C,B
2,Q0,C,,C,R
2,Q1,C,,C,T
2,Q1,C,,C,L
2,Q1,C,,C,B
2,Q1,C,,C,R
2,Q2,C,,C,T
2,Q2,C,,C,B
2,Q2,N,,N,R
2,Q2,-,,-,L
2,Q3,,N,C,T
2,Q3,,N,C,B
2,Q3,,O,N,R
2,Q3,-,,-,L
2,Q4,,N,C,T
2,Q4,,N,C,B
2,Q4,O,,O,R
2,Q4,-,,-,L
2,Q5,,O,C,T
2,Q5,C,,C,B
2,Q5,O,,O,R
2,Q5,-,,-,L
2,Q6,,O,N,T
2,Q6,,O,N,B
2,Q6,,O,N,R
2,Q6,-,,-,L
2,Q7,N,,N,T
2,Q7,N,,N,B
2,Q7,,O,N,R
2,Q7,-,,-,L
2,Q8,C,,C,T
2,Q8,,O,N,B
2,Q8,O,,O,R
2,Q8,-,,-,L
2,Q9,C,,C,T
2,Q9,N,,N,B
2,Q9,O,,O,R
2,Q9,-,,-,L
2,Q10,,O,C,L
2,Q10,O,,O,T
2,Q10,,N,O,R
2,Q10,-,,-,B
2,Q11,C,,C,L
2,Q11,O,,O,T
2,Q11,O,,O,R
2,Q11,-,,-,B
2,Q12,H,,H,T
2,Q12,C,,C,L
2,Q12,C,,C,B
2,Q12,C,,C,R
2,Q13,H,,H,T
2,Q13,C,,C,L
2,Q13,C,,C,B
2,Q13,C,,C,R
2,Q14,H,,H,T
2,Q14,C,,C,L
2,Q14,C,,C,B
2,Q14,O,,O,R
2,Q15,H,,H,T
2,Q15,C,,C,L
2,Q15,C,,C,B
2,Q15,O,,O,R
2,Q16,H,,H,T
2,Q16,H,,H,B
2,Q16,C,,C,L
2,Q16,C,,C,R
2,Q17,,C,H,T
2,Q17,H,,H,B
2,Q17,C,,C,L
2,Q17,C,,C,R
2,Q18,H,,H,L
2,Q18,C,,C,T
2,Q18,N,,N,R
2,Q18,-,,-,B
2,Q19,H,,H,L
2,Q19,,N,C,T
2,Q19,,C,N,R
2,Q19,-,,-,B
2,Q20,H,,H,L
2,Q20,H,,H,B
2,Q20,H,,H,R
2,Q20,C,,C,T
2,Q21,H,,H,L
2,Q21,H,,H,B
2,Q21,H,,H,R
2,Q21,,N,C,T
2,Q22,H,,H,L
2,Q22,H,,H,R
2,Q22,,N,C,T
2,Q22,N,,N,B
2,Q23,H,,H,L
2,Q23,H,,H,R
2,Q23,,N,C,T
2,Q23,,-,N,B
2,Q24,H,,H,L
2,Q24,H,,H,R
2,Q24,,-,C,T
2,Q24,,C,O,B
2,Q25,H,,H,L
2,Q25,H,,H,R
2,Q25,,O,C,T
2,Q25,O,,O,B
2,Q26,H,,H,T
2,Q26,C,,C,B
2,Q26,C,,C,R
2,Q26,N,,N,L
2,Q27,H,,H,T
2,Q27,C,,C,B
2,Q27,,N,C,R
2,Q27,,C,N,L
3,Q0,,-,C,T
3,Q0,C,,C,L
3,Q0,C,,C,B
3,Q0,C,,C,R
3,Q1,C,,C,T
3,Q1,C,,C,L
3,Q1,C,,C,B
3,Q1,C,,C,R
3,Q2,C,,C,T
3,Q2,C,,C,B
3,Q2,N,,N,R
3,Q2,-,,-,L
3,Q3,C,,C,T
3,Q3,C,,C,B
3,Q3,N,,N,R
3,Q3,-,,-,L
3,Q4,C,,C,T
3,Q4,C,,C,B
3,Q4,O,,O,R
3,Q4,-,,-,L
3,Q5,C,,C,T
3,Q5,C,,C,B
3,Q5,,N,O,R
3,Q5,-,,-,L
3,Q6,,O,N,T
3,Q6,,C,N,B
3,Q6,,C,N,R
3,Q6,-,,-,L
3,Q7,N,,N,T
3,Q7,N,,N,B
3,Q7,N,,N,R
3,Q7,-,,-,L
3,Q8,,H,C,T
3,Q8,N,,N,B
3,Q8,O,,O,R
3,Q8,-,,-,L
3,Q9,,H,C,T
3,Q9,,C,N,B
3,Q9,O,,O,R
3,Q9,-,,-,L
3,Q10,C,,C,L
3,Q10,O,,O,T
3,Q10,,H,O,R
3,Q10,,N,-,B
3,Q11,,H,C,L
3,Q11,O,,O,T
3,Q11,O,,O,R
3,Q11,-,,-,B
3,Q12,,C,H,T
3,Q12,C,,C,L
3,Q12,C,,C,B
3,Q12,C,,C,R
3,Q13,H,,H,T
3,Q13,,H,C,L
3,Q13,C,,C,B
3,Q13,C,,C,R
3,Q14,H,,H,T
3,Q14,C,,C,L
3,Q14,C,,C,B
3,Q14,,N,O,R
3,Q15,H,,H,T
3,Q15,C,,C,L
3,Q15,C,,C,B
3,Q15,O,,O,R
3,Q16,H,,H,T
3,Q16,,C,H,B
3,Q16,,H,C,L
3,Q16,,H,C,R
3,Q17,,N,H,T
3,Q17,H,,H,B
3,Q17,,H,C,L
3,Q17,,H,C,R
3,Q18,H,,H,L
3,Q18,,-,C,T
3,Q18,,C,N,R
3,Q18,-,,-,B
3,Q19,,C,H,L
3,Q19,C,,C,T
3,Q19,,H,N,R
3,Q19,,C,-,B
3,Q20,H,,H,L
3,Q20,H,,H,B
3,Q20,,O,H,R
3,Q20,C,,C,T
3,Q21,H,,H,L
3,Q21,H,,H,B
3,Q21,H,,H,R
3,Q21,C,,C,T
3,Q22,H,,H,L
3,Q22,H,,H,R
3,Q22,C,,C,T
3,Q22,N,,N,B
3,Q23,H,,H,L
3,Q23,H,,H,R
3,Q23,,H,C,T
3,Q23,,C,N,B
3,Q24,H,,H,L
3,Q24,,C,H,R
3,Q24,,N,C,T
3,Q24,,H,O,B
3,Q25,,C,H,L
3,Q25,,C,H,R
3,Q25,C,,C,T
3,Q25,O,,O,B
3,Q26,H,,H,T
3,Q26,C,,C,B
3,Q26,,N,C,R
3,Q26,N,,N,L
3,Q27,H,,H,T
3,Q27,C,,C,B
3,Q27,,H,C,R
3,Q27,N,,N,L
4,Q0,C,,C,T
4,Q0,C,,C,L
4,Q0,C,,C,B
4,Q0,C,,C,R
4,Q1,C,,C,T
4,Q1,C,,C,L
4,Q1,C,,C,B
4,Q1,C,,C,R
4,Q2,C,,C,T
4,Q2,C,,C,B
4,Q2,N,,N,R
4,Q2,-,,-,L
4,Q3,C,,C,T
4,Q3,C,,C,B
4,Q3,N,,N,R
4,Q3,-,,-,L
4,Q4,C,,C,T
4,Q4,C,,C,B
4,Q4,O,,O,R
4,Q4,-,,-,L
4,Q5,,N,C,T
4,Q5,,N,C,B
4,Q5,O,,O,R
4,Q5,-,,-,L
4,Q6,N,,N,T
4,Q6,N,,N,B
4,Q6,N,,N,R
4,Q6,-,,-,L
4,Q7,N,,N,T
4,Q7,N,,N,B
4,Q7,N,,N,R
4,Q7,-,,-,L
4,Q8,C,,C,T
4,Q8,N,,N,B
4,Q8,O,,O,R
4,Q8,-,,-,L
4,Q9,C,,C,T
4,Q9,N,,N,B
4,Q9,O,,O,R
4,Q9,-,,-,L
4,Q10,C,,C,L
4,Q10,,-,O,T
4,Q10,O,,O,R
4,Q10,,O,-,B
4,Q11,C,,C,L
4,Q11,O,,O,T
4,Q11,O,,O,R
4,Q11,,O,-,B
4,Q12,H,,H,T
4,Q12,C,,C,L
4,Q12,C,,C,B
4,Q12,C,,C,R
4,Q13,H,,H,T
4,Q13,C,,C,L
4,Q13,C,,C,B
4,Q13,C,,C,R
4,Q14,H,,H,T
4,Q14,C,,C,L
4,Q14,C,,C,B
4,Q14,O,,O,R
4,Q15,H,,H,T
4,Q15,C,,C,L
4,Q15,C,,C,B
4,Q15,O,,O,R
4,Q16,,-,H,T
4,Q16,H,,H,B
4,Q16,C,,C,L
4,Q16,C,,C,R
4,Q17,H,,H,T
4,Q17,H,,H,B
4,Q17,C,,C,L
4,Q17,C,,C,R
4,Q18,H,,H,L
4,Q18,C,,C,T
4,Q18,N,,N,R
4,Q18,-,,-,B
4,Q19,H,,H,L
4,Q19,,H,C,T
4,Q19,,C,N,R
4,Q19,,C,-,B
4,Q20,H,,H,L
4,Q20,H,,H,B
4,Q20,H,,H,R
4,Q20,C,,C,T
4,Q21,H,,H,L
4,Q21,H,,H,B
4,Q21,H,,H,R
4,Q21,C,,C,T
4,Q22,H,,H,L
4,Q22,,C,H,R
4,Q22,C,,C,T
4,Q22,N,,N,B
4,Q23,H,,H,L
4,Q23,H,,H,R
4,Q23,C,,C,T
4,Q23,N,,N,B
4,Q24,H,,H,L
4,Q24,H,,H,R
4,Q24,C,,C,T
4,Q24,,C,O,B
4,Q25,H,,H,L
4,Q25,H,,H,R
4,Q25,C,,C,T
4,Q25,O,,O,B
4,Q26,H,,H,T
4,Q26,C,,C,B
4,Q26,C,,C,R
4,Q26,N,,N,L
4,Q27,H,,H,T
4,Q27,C,,C,B
4,Q27,C,,C,R
4,Q27,N,,N,L
5,Q0,,-,C,T
5,Q0,,-,C,L
5,Q0,C,,C,B
5,Q0,C,,C,R
5,Q1,C,,C,T
5,Q1,C,,C,L
5,Q1,C,,C,B
5,Q1,C,,C,R
5,Q2,,-,C,T
5,Q2,,H,C,B
5,Q2,N,,N,R
5,Q2,-,,-,L
5,Q3,C,,C,T
5,Q3,C,,C,B
5,Q3,N,,N,R
5,Q3,-,,-,L
5,Q4,C,,C,T
5,Q4,,N,C,B
5,Q4,O,,O,R
5,Q4,-,,-,L
5,Q5,C,,C,T
5,Q5,C,,C,B
5,Q5,O,,O,R
5,Q5,-,,-,L
5,Q6,N,,N,T
5,Q6,N,,N,B
5,Q6,N,,N,R
5,Q6,-,,-,L
5,Q7,,-,N,T
5,Q7,N,,N,B
5,Q7,N,,N,R
5,Q7,-,,-,L
5,Q8,C,,C,T
5,Q8,N,,N,B
5,Q8,O,,O,R
5,Q8,-,,-,L
5,Q9,C,,C,T
5,Q9,N,,N,B
5,Q9,O,,O,R
5,Q9,-,,-,L
5,Q10,C,,C,L
5,Q10,,-,O,T
5,Q10,O,,O,R
5,Q10,-,,-,B
5,Q11,C,,C,L
5,Q11,O,,O,T
5,Q11,O,,O,R
5,Q11,-,,-,B
5,Q12,H,,H,T
5,Q12,C,,C,L
5,Q12,C,,C,B
5,Q12,,N,C,R
5,Q13,H,,H,T
5,Q13,C,,C,L
5,Q13,C,,C,B
5,Q13,C,,C,R
5,Q14,H,,H,T
5,Q14,,H,C,L
5,Q14,,H,C,B
5,Q14,O,,O,R
5,Q15,H,,H,T
5,Q15,C,,C,L
5,Q15,,H,C,B
5,Q15,O,,O,R
5,Q16,,C,H,T
5,Q16,H,,H,B
5,Q16,C,,C,L
5,Q16,C,,C,R
5,Q17,H,,H,T
5,Q17,H,,H,B
5,Q17,C,,C,L
5,Q17,C,,C,R
5,Q18,H,,H,L
5,Q18,C,,C,T
5,Q18,N,,N,R
5,Q18,-,,-,B
5,Q19,H,,H,L
5,Q19,C,,C,T
5,Q19,,O,N,R
5,Q19,-,,-,B
5,Q20,H,,H,L
5,Q20,H,,H,B
5,Q20,,C,H,R
5,Q20,C,,C,T
5,Q21,H,,H,L
5,Q21,H,,H,B
5,Q21,H,,H,R
5,Q21,C,,C,T
5,Q22,H,,H,L
5,Q22,H,,H,R
5,Q22,,-,C,T
5,Q22,N,,N,B
5,Q23,H,,H,L
5,Q23,H,,H,R
5,Q23,,H,C,T
5,Q23,,O,N,B
5,Q24,H,,H,L
5,Q24,H,,H,R
5,Q24,,-,C,T
5,Q24,,C,O,B
5,Q25,H,,H,L
5,Q25,,C,H,R
5,Q25,,-,C,T
5,Q25,O,,O,B
5,Q26,H,,H,T
5,Q26,C,,C,B
5,Q26,,-,C,R
5,Q26,N,,N,L
5,Q27,H,,H,T
5,Q27,C,,C,B
5,Q27,C,,C,R
5,Q27,N,,N,L
6,Q0,,N,C,T
6,Q0,,N,C,L
6,Q0,,N,C,B
6,Q0,,N,C,R
6,Q1,,N,C,T
6,Q1,,N,C,L
6,Q1,,N,C,B
6,Q1,,N,C,R
6,Q2,,-,C,T
6,Q2,C,,C,B
6,Q2,N,,N,R
6,Q2,-,,-,L
6,Q3,C,,C,T
6,Q3,C,,C,B
6,Q3,N,,N,R
6,Q3,-,,-,L
6,Q4,,N,C,T
6,Q4,,N,C,B
6,Q4,O,,O,R
6,Q4,-,,-,L
6,Q5,,N,C,T
6,Q5,,N,C,B
6,Q5,O,,O,R
6,Q5,-,,-,L
6,Q6,,-,N,T
6,Q6,,C,N,B
6,Q6,,C,N,R
6,Q6,-,,-,L
6,Q7,N,,N,T
6,Q7,N,,N,B
6,Q7,N,,N,R
6,Q7,-,,-,L
6,Q8,C,,C,T
6,Q8,N,,N,B
6,Q8,,N,O,R
6,Q8,-,,-,L
6,Q9,C,,C,T
6,Q9,N,,N,B
6,Q9,O,,O,R
6,Q9,-,,-,L
6,Q10,C,,C,L
6,Q10,,-,O,T
6,Q10,O,,O,R
6,Q10,-,,-,B
6,Q11,,N,C,L
6,Q11,O,,O,T
6,Q11,O,,O,R
6,Q11,-,,-,B
6,Q12,,C,H,T
6,Q12,,-,C,L
6,Q12,C,,C,B
6,Q12,C,,C,R
6,Q13,H,,H,T
6,Q13,C,,C,L
6,Q13,C,,C,B
6,Q13,C,,C,R
6,Q14,H,,H,T
6,Q14,,-,C,L
6,Q14,,N,C,B
6,Q14,O,,O,R
6,Q15,H,,H,T
6,Q15,,H,C,L
6,Q15,C,,C,B
6,Q15,O,,O,R
6,Q16,H,,H,T
6,Q16,H,,H,B
6,Q16,,-,C,L
6,Q16,C,,C,R
6,Q17,H,,H,T
6,Q17,H,,H,B
6,Q17,C,,C,L
6,Q17,C,,C,R
6,Q18,H,,H,L
6,Q18,C,,C,T
6,Q18,N,,N,R
6,Q18,-,,-,B
6,Q19,H,,H,L
6,Q19,,N,C,T
6,Q19,,C,N,R
6,Q19,-,,-,B
6,Q20,H,,H,L
6,Q20,H,,H,B
6,Q20,H,,H,R
6,Q20,C,,C,T
6,Q21,H,,H,L
6,Q21,H,,H,B
6,Q21,H,,H,R
6,Q21,,H,C,T
6,Q22,H,,H,L
6,Q22,H,,H,R
6,Q22,,-,C,T
6,Q22,,C,N,B
6,Q23,H,,H,L
6,Q23,H,,H,R
6,Q23,,H,C,T
6,Q23,N,,N,B
6,Q24,H,,H,L
6,Q24,H,,H,R
6,Q24,,-,C,T
6,Q24,,C,O,B
6,Q25,H,,H,L
6,Q25,H,,H,R
6,Q25,C,,C,T
6,Q25,,N,O,B
6,Q26,H,,H,T
6,Q26,,H,C,B
6,Q26,,H,C,R
6,Q26,N,,N,L
6,Q27,H,,H,T
6,Q27,,-,C,B
6,Q27,C,,C,R
6,Q27,N,,N,L
7,Q0,C,,C,T
7,Q0,,H,C,L
7,Q0,,H,C,B
7,Q0,,H,C,R
7,Q1,,-,C,T
7,Q1,C,,C,L
7,Q1,C,,C,B
7,Q1,C,,C,R
7,Q2,C,,C,T
7,Q2,C,,C,B
7,Q2,N,,N,R
7,Q2,-,,-,L
7,Q3,,N,C,T
7,Q3,,-,C,B
7,Q3,,O,N,R
7,Q3,-,,-,L
7,Q4,,N,C,T
7,Q4,,N,C,B
7,Q4,O,,O,R
7,Q4,-,,-,L
7,Q5,C,,C,T
7,Q5,C,,C,B
7,Q5,,N,O,R
7,Q5,-,,-,L
7,Q6,N,,N,T
7,Q6,N,,N,B
7,Q6,N,,N,R
7,Q6,-,,-,L
7,Q7,,C,N,T
7,Q7,,C,N,B
7,Q7,,C,N,R
7,Q7,-,,-,L
7,Q8,C,,C,T
7,Q8,,O,N,B
7,Q8,O,,O,R
7,Q8,-,,-,L
7,Q9,C,,C,T
7,Q9,N,,N,B
7,Q9,,N,O,R
7,Q9,-,,-,L
7,Q10,,N,C,L
7,Q10,,-,O,T
7,Q10,O,,O,R
7,Q10,,O,-,B
7,Q11,,N,C,L
7,Q11,O,,O,T
7,Q11,O,,O,R
7,Q11,,O,-,B
7,Q12,H,,H,T
7,Q12,,H,C,L
7,Q12,,H,C,B
7,Q12,,H,C,R
7,Q13,H,,H,T
7,Q13,,H,C,L
7,Q13,,N,C,B
7,Q13,C,,C,R
7,Q14,H,,H,T
7,Q14,,N,C,L
7,Q14,,-,C,B
7,Q14,O,,O,R
7,Q15,,C,H,T
7,Q15,C,,C,L
7,Q15,C,,C,B
7,Q15,O,,O,R
7,Q16,H,,H,T
7,Q16,H,,H,B
7,Q16,C,,C,L
7,Q16,C,,C,R
7,Q17,H,,H,T
7,Q17,,C,H,B
7,Q17,C,,C,L
7,Q17,C,,C,R
7,Q18,H,,H,L
7,Q18,,N,C,T
7,Q18,,O,N,R
7,Q18,-,,-,B
7,Q19,,C,H,L
7,Q19,C,,C,T
7,Q19,N,,N,R
7,Q19,,C,-,B
7,Q20,H,,H,L
7,Q20,,C,H,B
7,Q20,H,,H,R
7,Q20,C,,C,T
7,Q21,,C,H,L
7,Q21,,C,H,B
7,Q21,,C,H,R
7,Q21,,N,C,T
7,Q22,H,,H,L
7,Q22,,C,H,R
7,Q22,C,,C,T
7,Q22,N,,N,B
7,Q23,H,,H,L
7,Q23,H,,H,R
7,Q23,,N,C,T
7,Q23,N,,N,B
7,Q24,,C,H,L
7,Q24,,C,H,R
7,Q24,,-,C,T
7,Q24,O,,O,B
7,Q25,H,,H,L
7,Q25,H,,H,R
7,Q25,C,,C,T
7,Q25,O,,O,B
7,Q26,H,,H,T
7,Q26,C,,C,B
7,Q26,,-,C,R
7,Q26,N,,N,L
7,Q27,H,,H,T
7,Q27,C,,C,B
7,Q27,C,,C,R
7,Q27,N,,N,L
8,Q0,,-,C,T
8,Q0,C,,C,L
8,Q0,,-,C,B
8,Q0,C,,C,R
8,Q1,C,,C,T
8,Q1,C,,C,L
8,Q1,C,,C,B
8,Q1,C,,C,R
8,Q2,,H,C,T
8,Q2,C,,C,B
8,Q2,,-,N,R
8,Q2,-,,-,L
8,Q3,C,,C,T
8,Q3,,N,C,B
8,Q3,,O,N,R
8,Q3,-,,-,L
8,Q4,C,,C,T
8,Q4,C,,C,B
8,Q4,,N,O,R
8,Q4,-,,-,L
8,Q5,C,,C,T
8,Q5,C,,C,B
8,Q5,,N,O,R
8,Q5,-,,-,L
8,Q6,,C,N,T
8,Q6,N,,N,B
8,Q6,,O,N,R
8,Q6,-,,-,L
8,Q7,N,,N,T
8,Q7,,C,N,B
8,Q7,,C,N,R
8,Q7,-,,-,L
8,Q8,C,,C,T
8,Q8,,O,N,B
8,Q8,,N,O,R
8,Q8,,C,-,L
8,Q9,,H,C,T
8,Q9,N,,N,B
8,Q9,O,,O,R
8,Q9,,C,-,L
8,Q10,,N,C,L
8,Q10,O,,O,T
8,Q10,O,,O,R
8,Q10,,N,-,B
8,Q11,C,,C,L
8,Q11,O,,O,T
8,Q11,O,,O,R
8,Q11,-,,-,B
8,Q12,H,,H,T
8,Q12,,N,C,L
8,Q12,,-,C,B
8,Q12,C,,C,R
8,Q13,,C,H,T
8,Q13,C,,C,L
8,Q13,C,,C,B
8,Q13,C,,C,R
8,Q14,H,,H,T
8,Q14,C,,C,L
8,Q14,C,,C,B
8,Q14,O,,O,R
8,Q15,H,,H,T
8,Q15,C,,C,L
8,Q15,C,,C,B
8,Q15,O,,O,R
8,Q16,H,,H,T
8,Q16,,-,H,B
8,Q16,C,,C,L
8,Q16,C,,C,R
8,Q17,H,,H,T
8,Q17,H,,H,B
8,Q17,C,,C,L
8,Q17,C,,C,R
8,Q18,H,,H,L
8,Q18,C,,C,T
8,Q18,N,,N,R
8,Q18,-,,-,B
8,Q19,,C,H,L
8,Q19,,N,C,T
8,Q19,,O,N,R
8,Q19,-,,-,B
8,Q20,H,,H,L
8,Q20,,C,H,B
8,Q20,H,,H,R
8,Q20,C,,C,T
8,Q21,H,,H,L
8,Q21,H,,H,B
8,Q21,H,,H,R
8,Q21,C,,C,T
8,Q22,H,,H,L
8,Q22,H,,H,R
8,Q22,,N,C,T
8,Q22,N,,N,B
8,Q23,H,,H,L
8,Q23,H,,H,R
8,Q23,,N,C,T
8,Q23,,O,N,B
8,Q24,H,,H,L
8,Q24,H,,H,R
8,Q24,C,,C,T
8,Q24,,-,O,B
8,Q25,H,,H,L
8,Q25,H,,H,R
8,Q25,,N,C,T
8,Q25,O,,O,B
8,Q26,,C,H,T
8,Q26,C,,C,B
8,Q26,C,,C,R
8,Q26,N,,N,L
8,Q27,H,,H,T
8,Q27,,-,C,B
8,Q27,,N,C,R
8,Q27,N,,N,L
9,Q0,,N,C,T
9,Q0,C,,C,L
9,Q0,C,,C,B
9,Q0,,N,C,R
9,Q1,C,,C,T
9,Q1,C,,C,L
9,Q1,C,,C,B
9,Q1,C,,C,R
9,Q2,C,,C,T
9,Q2,C,,C,B
9,Q2,N,,N,R
9,Q2,-,,-,L
9,Q3,C,,C,T
9,Q3,C,,C,B
9,Q3,N,,N,R
9,Q3,-,,-,L
9,Q4,C,,C,T
9,Q4,C,,C,B
9,Q4,O,,O,R
9,Q4,-,,-,L
9,Q5,,N,C,T
9,Q5,,N,C,B
9,Q5,O,,O,R
9,Q5,-,,-,L
9,Q6,N,,N,T
9,Q6,N,,N,B
9,Q6,N,,N,R
9,Q6,-,,-,L
9,Q7,,C,N,T
9,Q7,N,,N,B
9,Q7,N,,N,R
9,Q7,-,,-,L
9,Q8,C,,C,T
9,Q8,N,,N,B
9,Q8,O,,O,R
9,Q8,-,,-,L
9,Q9,,N,C,T
9,Q9,N,,N,B
9,Q9,O,,O,R
9,Q9,-,,-,L
9,Q10,C,,C,L
9,Q10,O,,O,T
9,Q10,O,,O,R
9,Q10,-,,-,B
9,Q11,C,,C,L
9,Q11,,N,O,T
9,Q11,O,,O,R
9,Q11,-,,-,B
9,Q12,H,,H,T
9,Q12,C,,C,L
9,Q12,C,,C,B
9,Q12,C,,C,R
9,Q13,H,,H,T
9,Q13,C,,C,L
9,Q13,C,,C,B
9,Q13,,N,C,R
9,Q14,H,,H,T
9,Q14,C,,C,L
9,Q14,C,,C,B
9,Q14,,N,O,R
9,Q15,H,,H,T
9,Q15,,N,C,L
9,Q15,,N,C,B
9,Q15,O,,O,R
9,Q16,,C,H,T
9,Q16,H,,H,B
9,Q16,C,,C,L
9,Q16,C,,C,R
9,Q17,H,,H,T
9,Q17,H,,H,B
9,Q17,C,,C,L
9,Q17,C,,C,R
9,Q18,H,,H,L
9,Q18,C,,C,T
9,Q18,N,,N,R
9,Q18,-,,-,B
9,Q19,H,,H,L
9,Q19,C,,C,T
9,Q19,N,,N,R
9,Q19,-,,-,B
9,Q20,H,,H,L
9,Q20,H,,H,B
9,Q20,H,,H,R
9,Q20,,N,C,T
9,Q21,H,,H,L
9,Q21,H,,H,B
9,Q21,H,,H,R
9,Q21,C,,C,T
9,Q22,H,,H,L
9,Q22,H,,H,R
9,Q22,C,,C,T
9,Q22,,C,N,B
9,Q23,H,,H,L
9,Q23,H,,H,R
9,Q23,C,,C,T
9,Q23,,-,N,B
9,Q24,H,,H,L
9,Q24,H,,H,R
9,Q24,C,,C,T
9,Q24,O,,O,B
9,Q25,H,,H,L
9,Q25,H,,H,R
9,Q25,C,,C,T
9,Q25,O,,O,B
9,Q26,H,,H,T
9,Q26,C,,C,B
9,Q26,C,,C,R
9,Q26,,C,N,L
9,Q27,,C,H,T
9,Q27,C,,C,B
9,Q27,,N,C,R
9,Q27,N,,N,L
10,Q0,,H,C,T
10,Q0,,H,C,L
10,Q0,,H,C,B
10,Q0,,H,C,R
10,Q1,C,,C,T
10,Q1,C,,C,L
10,Q1,C,,C,B
10,Q1,C,,C,R
10,Q2,,N,C,T
10,Q2,C,,C,B
10,Q2,N,,N,R
10,Q2,-,,-,L
10,Q3,C,,C,T
10,Q3,C,,C,B
10,Q3,N,,N,R
10,Q3,-,,-,L
10,Q4,C,,C,T
10,Q4,C,,C,B
10,Q4,O,,O,R
10,Q4,-,,-,L
10,Q5,C,,C,T
10,Q5,C,,C,B
10,Q5,O,,O,R
10,Q5,-,,-,L
10,Q6,N,,N,T
10,Q6,N,,N,B
10,Q6,N,,N,R
10,Q6,-,,-,L
10,Q7,N,,N,T
10,Q7,N,,N,B
10,Q7,N,,N,R
10,Q7,-,,-,L
10,Q8,C,,C,T
10,Q8,N,,N,B
10,Q8,O,,O,R
10,Q8,-,,-,L
10,Q9,C,,C,T
10,Q9,N,,N,B
10,Q9,,N,O,R
10,Q9,-,,-,L
10,Q10,C,,C,L
10,Q10,,-,O,T
10,Q10,O,,O,R
10,Q10,-,,-,B
10,Q11,C,,C,L
10,Q11,O,,O,T
10,Q11,O,,O,R
10,Q11,-,,-,B
10,Q12,H,,H,T
10,Q12,C,,C,L
10,Q12,C,,C,B
10,Q12,C,,C,R
10,Q13,H,,H,T
10,Q13,C,,C,L
10,Q13,C,,C,B
10,Q13,C,,C,R
10,Q14,H,,H,T
10,Q14,C,,C,L
10,Q14,,-,C,B
10,Q14,,N,O,R
10,Q15,H,,H,T
10,Q15,C,,C,L
10,Q15,C,,C,B
10,Q15,,N,O,R
10,Q16,H,,H,T
10,Q16,H,,H,B
10,Q16,,N,C,L
10,Q16,C,,C,R
10,Q17,H,,H,T
10,Q17,H,,H,B
10,Q17,C,,C,L
10,Q17,C,,C,R
10,Q18,H,,H,L
10,Q18,C,,C,T
10,Q18,N,,N,R
10,Q18,-,,-,B
10,Q19,H,,H,L
10,Q19,C,,C,T
10,Q19,N,,N,R
10,Q19,-,,-,B
10,Q20,,-,H,L
10,Q20,H,,H,B
10,Q20,H,,H,R
10,Q20,C,,C,T
10,Q21,H,,H,L
10,Q21,H,,H,B
10,Q21,H,,H,R
10,Q21,,N,C,T
10,Q22,H,,H,L
10,Q22,H,,H,R
10,Q22,C,,C,T
10,Q22,N,,N,B
10,Q23,H,,H,L
10,Q23,H,,H,R
10,Q23,C,,C,T
10,Q23,N,,N,B
10,Q24,H,,H,L
10,Q24,H,,H,R
10,Q24,C,,C,T
10,Q24,,-,O,B
10,Q25,H,,H,L
10,Q25,H,,H,R
10,Q25,C,,C,T
10,Q25,O,,O,B
10,Q26,H,,H,T
10,Q26,C,,C,B
10,Q26,C,,C,R
10,Q26,N,,N,L
10,Q27,H,,H,T
10,Q27,,N,C,B
10,Q27,,-,C,R
10,Q27,N,,N,L
11,Q0,C,,C,T
11,Q0,C,,C,L
11,Q0,C,,C,B
11,Q0,C,,C,R
11,Q1,C,,C,T
11,Q1,C,,C,L
11,Q1,C,,C,B
11,Q1,C,,C,R
11,Q2,,N,C,T
11,Q2,,N,C,B
11,Q2,,O,N,R
11,Q2,-,,-,L
11,Q3,C,,C,T
11,Q3,C,,C,B
11,Q3,N,,N,R
11,Q3,-,,-,L
11,Q4,,N,C,T
11,Q4,,N,C,B
11,Q4,O,,O,R
11,Q4,-,,-,L
11,Q5,,N,C,T
11,Q5,,N,C,B
11,Q5,O,,O,R
11,Q5,-,,-,L
11,Q6,N,,N,T
11,Q6,N,,N,B
11,Q6,N,,N,R
11,Q6,-,,-,L
11,Q7,N,,N,T
11,Q7,N,,N,B
11,Q7,N,,N,R
11,Q7,-,,-,L
11,Q8,C,,C,T
11,Q8,N,,N,B
11,Q8,O,,O,R
11,Q8,-,,-,L
11,Q9,C,,C,T
11,Q9,N,,N,B
11,Q9,O,,O,R
11,Q9,-,,-,L
11,Q10,C,,C,L
11,Q10,,-,O,T
11,Q10,O,,O,R
11,Q10,-,,-,B
11,Q11,,N,C,L
11,Q11,O,,O,T
11,Q11,O,,O,R
11,Q11,-,,-,B
11,Q12,H,,H,T
11,Q12,C,,C,L
11,Q12,,-,C,B
11,Q12,C,,C,R
11,Q13,H,,H,T
11,Q13,C,,C,L
11,Q13,,N,C,B
11,Q13,C,,C,R
11,Q14,,C,H,T
11,Q14,C,,C,L
11,Q14,,N,C,B
11,Q14,O,,O,R
11,Q15,H,,H,T
11,Q15,C,,C,L
11,Q15,C,,C,B
11,Q15,,N,O,R
11,Q16,H,,H,T
11,Q16,H,,H,B
11,Q16,C,,C,L
11,Q16,C,,C,R
11,Q17,H,,H,T
11,Q17,H,,H,B
11,Q17,C,,C,L
11,Q17,C,,C,R
11,Q18,H,,H,L
11,Q18,C,,C,T
11,Q18,,C,N,R
11,Q18,-,,-,B
11,Q19,H,,H,L
11,Q19,C,,C,T
11,Q19,,C,N,R
11,Q19,-,,-,B
11,Q20,H,,H,L
11,Q20,H,,H,B
11,Q20,H,,H,R
11,Q20,,N,C,T
11,Q21,H,,H,L
11,Q21,H,,H,B
11,Q21,H,,H,R
11,Q21,C,,C,T
11,Q22,H,,H,L
11,Q22,H,,H,R
11,Q22,,N,C,T
11,Q22,,C,N,B
11,Q23,H,,H,L
11,Q23,H,,H,R
11,Q23,C,,C,T
11,Q23,N,,N,B
11,Q24,H,,H,L
11,Q24,,-,H,R
11,Q24,,N,C,T
11,Q24,,C,O,B
11,Q25,H,,H,L
11,Q25,H,,H,R
11,Q25,C,,C,T
11,Q25,,N,O,B
11,Q26,H,,H,T
11,Q26,C,,C,B
11,Q26,,-,C,R
11,Q26,N,,N,L
11,Q27,,C,H,T
11,Q27,,H,C,B
11,Q27,,N,C,R
11,Q27,N,,N,L
12,Q0,,N,C,T
12,Q0,C,,C,L
12,Q0,C,,C,B
12,Q0,C,,C,R
12,Q1,,N,C,T
12,Q1,,N,C,L
12,Q1,,N,C,B
12,Q1,,N,C,R
12,Q2,,N,C,T
12,Q2,,N,C,B
12,Q2,N,,N,R
12,Q2,-,,-,L
12,Q3,C,,C,T
12,Q3,C,,C,B
12,Q3,N,,N,R
12,Q3,-,,-,L
12,Q4,C,,C,T
12,Q4,C,,C,B
12,Q4,O,,O,R
12,Q4,-,,-,L
12,Q5,,N,C,T
12,Q5,C,,C,B
12,Q5,O,,O,R
12,Q5,-,,-,L
12,Q6,,-,N,T
12,Q6,,O,N,B
12,Q6,,O,N,R
12,Q6,,N,-,L
12,Q7,,C,N,T
12,Q7,N,,N,B
12,Q7,N,,N,R
12,Q7,-,,-,L
12,Q8,C,,C,T
12,Q8,N,,N,B
12,Q8,O,,O,R
12,Q8,-,,-,L
12,Q9,C,,C,T
12,Q9,N,,N,B
12,Q9,O,,O,R
12,Q9,-,,-,L
12,Q10,,H,C,L
12,Q10,O,,O,T
12,Q10,O,,O,R
12,Q10,-,,-,B
12,Q11,,N,C,L
12,Q11,O,,O,T
12,Q11,O,,O,R
12,Q11,-,,-,B
12,Q12,H,,H,T
12,Q12,C,,C,L
12,Q12,,O,C,B
12,Q12,C,,C,R
12,Q13,H,,H,T
12,Q13,C,,C,L
12,Q13,,-,C,B
12,Q13,C,,C,R
12,Q14,H,,H,T
12,Q14,C,,C,L
12,Q14,,N,C,B
12,Q14,O,,O,R
12,Q15,,C,H,T
12,Q15,C,,C,L
12,Q15,,N,C,B
12,Q15,O,,O,R
12,Q16,,C,H,T
12,Q16,,-,H,B
12,Q16,C,,C,L
12,Q16,C,,C,R
12,Q17,H,,H,T
12,Q17,H,,H,B
12,Q17,C,,C,L
12,Q17,C,,C,R
12,Q18,H,,H,L
12,Q18,,N,C,T
12,Q18,,O,N,R
12,Q18,,N,-,B
12,Q19,H,,H,L
12,Q19,C,,C,T
12,Q19,,O,N,R
12,Q19,,N,-,B
12,Q20,H,,H,L
12,Q20,,C,H,B
12,Q20,H,,H,R
12,Q20,C,,C,T
12,Q21,H,,H,L
12,Q21,,C,H,B
12,Q21,H,,H,R
12,Q21,C,,C,T
12,Q22,H,,H,L
12,Q22,H,,H,R
12,Q22,,N,C,T
12,Q22,,C,N,B
12,Q23,H,,H,L
12,Q23,H,,H,R
12,Q23,,N,C,T
12,Q23,,C,N,B
12,Q24,H,,H,L
12,Q24,,C,H,R
12,Q24,,-,C,T
12,Q24,,C,O,B
12,Q25,H,,H,L
12,Q25,H,,H,R
12,Q25,C,,C,T
12,Q25,,N,O,B
12,Q26,H,,H,T
12,Q26,C,,C,B
12,Q26,C,,C,R
12,Q26,,C,N,L
12,Q27,H,,H,T
12,Q27,,N,C,B
12,Q27,,N,C,R
12,Q27,,C,N,L
13,Q0,C,,C,T
13,Q0,C,,C,L
13,Q0,C,,C,B
13,Q0,C,,C,R
13,Q1,C,,C,T
13,Q1,C,,C,L
13,Q1,C,,C,B
13,Q1,C,,C,R
13,Q2,C,,C,T
13,Q2,C,,C,B
13,Q2,N,,N,R
13,Q2,-,,-,L
13,Q3,C,,C,T
13,Q3,C,,C,B
13,Q3,N,,N,R
13,Q3,-,,-,L
13,Q4,C,,C,T
13,Q4,C,,C,B
13,Q4,O,,O,R
13,Q4,-,,-,L
13,Q5,C,,C,T
13,Q5,C,,C,B
13,Q5,O,,O,R
13,Q5,-,,-,L
13,Q6,N,,N,T
13,Q6,N,,N,B
13,Q6,N,,N,R
13,Q6,-,,-,L
13,Q7,N,,N,T
13,Q7,N,,N,B
13,Q7,N,,N,R
13,Q7,,N,-,L
13,Q8,C,,C,T
13,Q8,N,,N,B
13,Q8,O,,O,R
13,Q8,-,,-,L
13,Q9,C,,C,T
13,Q9,N,,N,B
13,Q9,O,,O,R
13,Q9,-,,-,L
13,Q10,C,,C,L
13,Q10,,-,O,T
13,Q10,O,,O,R
13,Q10,-,,-,B
13,Q11,C,,C,L
13,Q11,O,,O,T
13,Q11,O,,O,R
13,Q11,-,,-,B
13,Q12,H,,H,T
13,Q12,C,,C,L
13,Q12,,-,C,B
13,Q12,C,,C,R
13,Q13,H,,H,T
13,Q13,C,,C,L
13,Q13,C,,C,B
13,Q13,C,,C,R
13,Q14,H,,H,T
13,Q14,,N,C,L
13,Q14,,-,C,B
13,Q14,O,,O,R
13,Q15,H,,H,T
13,Q15,C,,C,L
13,Q15,C,,C,B
13,Q15,O,,O,R
13,Q16,H,,H,T
13,Q16,,-,H,B
13,Q16,C,,C,L
13,Q16,C,,C,R
13,Q17,H,,H,T
13,Q17,H,,H,B
13,Q17,C,,C,L
13,Q17,C,,C,R
13,Q18,H,,H,L
13,Q18,C,,C,T
13,Q18,N,,N,R
13,Q18,-,,-,B
13,Q19,H,,H,L
13,Q19,C,,C,T
13,Q19,N,,N,R
13,Q19,-,,-,B
13,Q20,H,,H,L
13,Q20,H,,H,B
13,Q20,H,,H,R
13,Q20,C,,C,T
13,Q21,H,,H,L
13,Q21,,C,H,B
13,Q21,H,,H,R
13,Q21,C,,C,T
13,Q22,H,,H,L
13,Q22,H,,H,R
13,Q22,C,,C,T
13,Q22,N,,N,B
13,Q23,H,,H,L
13,Q23,H,,H,R
13,Q23,C,,C,T
13,Q23,N,,N,B
13,Q24,H,,H,L
13,Q24,H,,H,R
13,Q24,C,,C,T
13,Q24,,C,O,B
13,Q25,H,,H,L
13,Q25,H,,H,R
13,Q25,C,,C,T
13,Q25,O,,O,B
13,Q26,H,,H,T
13,Q26,C,,C,B
13,Q26,C,,C,R
13,Q26,N,,N,L
13,Q27,H,,H,T
13,Q27,C,,C,B
13,Q27,C,,C,R
13,Q27,N,,N,L
14,Q0,C,,C,T
14,Q0,C,,C,L
14,Q0,C,,C,B
14,Q0,C,,C,R
14,Q1,C,,C,T
14,Q1,C,,C,L
14,Q1,C,,C,B
14,Q1,C,,C,R
14,Q2,C,,C,T
14,Q2,C,,C,B
14,Q2,N,,N,R
14,Q2,-,,-,L
14,Q3,C,,C,T
14,Q3,C,,C,B
14,Q3,N,,N,R
14,Q3,-,,-,L
14,Q4,C,,C,T
14,Q4,C,,C,B
14,Q4,O,,O,R
14,Q4,-,,-,L
14,Q5,C,,C,T
14,Q5,C,,C,B
14,Q5,O,,O,R
14,Q5,-,,-,L
14,Q6,N,,N,T
14,Q6,N,,N,B
14,Q6,N,,N,R
14,Q6,,N,-,L
14,Q7,N,,N,T
14,Q7,N,,N,B
14,Q7,N,,N,R
14,Q7,,N,-,L
14,Q8,C,,C,T
14,Q8,N,,N,B
14,Q8,O,,O,R
14,Q8,-,,-,L
14,Q9,C,,C,T
14,Q9,N,,N,B
14,Q9,O,,O,R
14,Q9,-,,-,L
14,Q10,C,,C,L
14,Q10,O,,O,T
14,Q10,O,,O,R
14,Q10,-,,-,B
14,Q11,C,,C,L
14,Q11,O,,O,T
14,Q11,O,,O,R
14,Q11,-,,-,B
14,Q12,H,,H,T
14,Q12,C,,C,L
14,Q12,,H,C,B
14,Q12,C,,C,R
14,Q13,H,,H,T
14,Q13,C,,C,L
14,Q13,C,,C,B
14,Q13,C,,C,R
14,Q14,H,,H,T
14,Q14,C,,C,L
14,Q14,C,,C,B
14,Q14,O,,O,R
14,Q15,H,,H,T
14,Q15,C,,C,L
14,Q15,C,,C,B
14,Q15,O,,O,R
14,Q16,H,,H,T
14,Q16,H,,H,B
14,Q16,C,,C,L
14,Q16,C,,C,R
14,Q17,H,,H,T
14,Q17,H,,H,B
14,Q17,C,,C,L
14,Q17,C,,C,R
14,Q18,H,,H,L
14,Q18,C,,C,T
14,Q18,N,,N,R
14,Q18,-,,-,B
14,Q19,H,,H,L
14,Q19,C,,C,T
14,Q19,N,,N,R
14,Q19,-,,-,B
14,Q20,H,,H,L
14,Q20,H,,H,B
14,Q20,H,,H,R
14,Q20,C,,C,T
14,Q21,H,,H,L
14,Q21,H,,H,B
14,Q21,H,,H,R
14,Q21,C,,C,T
14,Q22,H,,H,L
14,Q22,,-,H,R
14,Q22,C,,C,T
14,Q22,N,,N,B
14,Q23,H,,H,L
14,Q23,H,,H,R
14,Q23,C,,C,T
14,Q23,N,,N,B
14,Q24,H,,H,L
14,Q24,H,,H,R
14,Q24,C,,C,T
14,Q24,,-,O,B
14,Q25,H,,H,L
14,Q25,H,,H,R
14,Q25,C,,C,T
14,Q25,O,,O,B
14,Q26,H,,H,T
14,Q26,,-,C,B
14,Q26,C,,C,R
14,Q26,N,,N,L
14,Q27,H,,H,T
14,Q27,C,,C,B
14,Q27,C,,C,R
14,Q27,N,,N,L
15,Q0,C,,C,T
15,Q0,C,,C,L
15,Q0,C,,C,B
15,Q0,C,,C,R
15,Q1,C,,C,T
15,Q1,,H,C,L
15,Q1,C,,C,B
15,Q1,,H,C,R
15,Q2,C,,C,T
15,Q2,,-,C,B
15,Q2,,O,N,R
15,Q2,-,,-,L
15,Q3,C,,C,T
15,Q3,C,,C,B
15,Q3,N,,N,R
15,Q3,-,,-,L
15,Q4,C,,C,T
15,Q4,C,,C,B
15,Q4,O,,O,R
15,Q4,-,,-,L
15,Q5,C,,C,T
15,Q5,C,,C,B
15,Q5,O,,O,R
15,Q5,-,,-,L
15,Q6,,O,N,T
15,Q6,,O,N,B
15,Q6,,O,N,R
15,Q6,-,,-,L
15,Q7,N,,N,T
15,Q7,,C,N,B
15,Q7,N,,N,R
15,Q7,-,,-,L
15,Q8,C,,C,T
15,Q8,,O,N,B
15,Q8,O,,O,R
15,Q8,-,,-,L
15,Q9,C,,C,T
15,Q9,N,,N,B
15,Q9,O,,O,R
15,Q9,-,,-,L
15,Q10,C,,C,L
15,Q10,O,,O,T
15,Q10,O,,O,R
15,Q10,-,,-,B
15,Q11,C,,C,L
15,Q11,O,,O,T
15,Q11,O,,O,R
15,Q11,-,,-,B
15,Q12,H,,H,T
15,Q12,C,,C,L
15,Q12,C,,C,B
15,Q12,C,,C,R
15,Q13,H,,H,T
15,Q13,,H,C,L
15,Q13,,H,C,B
15,Q13,,H,C,R
15,Q14,H,,H,T
15,Q14,C,,C,L
15,Q14,,N,C,B
15,Q14,,N,O,R
15,Q15,H,,H,T
15,Q15,,H,C,L
15,Q15,,H,C,B
15,Q15,,N,O,R
15,Q16,H,,H,T
15,Q16,,C,H,B
15,Q16,,H,C,L
15,Q16,,H,C,R
15,Q17,H,,H,T
15,Q17,H,,H,B
15,Q17,,H,C,L
15,Q17,,H,C,R
15,Q18,H,,H,L
15,Q18,,H,C,T
15,Q18,N,,N,R
15,Q18,-,,-,B
15,Q19,H,,H,L
15,Q19,C,,C,T
15,Q19,N,,N,R
15,Q19,-,,-,B
15,Q20,H,,H,L
15,Q20,H,,H,B
15,Q20,H,,H,R
15,Q20,C,,C,T
15,Q21,H,,H,L
15,Q21,H,,H,B
15,Q21,H,,H,R
15,Q21,,H,C,T
15,Q22,H,,H,L
15,Q22,H,,H,R
15,Q22,,H,C,T
15,Q22,N,,N,B
15,Q23,H,,H,L
15,Q23,H,,H,R
15,Q23,C,,C,T
15,Q23,N,,N,B
15,Q24,H,,H,L
15,Q24,H,,H,R
15,Q24,,H,C,T
15,Q24,O,,O,B
15,Q25,H,,H,L
15,Q25,H,,H,R
15,Q25,,H,C,T
15,Q25,O,,O,B
15,Q26,H,,H,T
15,Q26,C,,C,B
15,Q26,,N,C,R
15,Q26,N,,N,L
15,Q27,H,,H,T
15,Q27,C,,C,B
15,Q27,,H,C,R
15,Q27,N,,N,L
16,Q0,,-,C,T
16,Q0,C,,C,L
16,Q0,C,,C,B
16,Q0,C,,C,R
16,Q1,C,,C,T
16,Q1,C,,C,L
16,Q1,C,,C,B
16,Q1,C,,C,R
16,Q2,C,,C,T
16,Q2,C,,C,B
16,Q2,N,,N,R
16,Q2,-,,-,L
16,Q3,C,,C,T
16,Q3,C,,C,B
16,Q3,,O,N,R
16,Q3,-,,-,L
16,Q4,C,,C,T
16,Q4,C,,C,B
16,Q4,O,,O,R
16,Q4,-,,-,L
16,Q5,C,,C,T
16,Q5,C,,C,B
16,Q5,O,,O,R
16,Q5,-,,-,L
16,Q6,,O,N,T
16,Q6,,O,N,B
16,Q6,,O,N,R
16,Q6,-,,-,L
16,Q7,,O,N,T
16,Q7,,O,N,B
16,Q7,,O,N,R
16,Q7,-,,-,L
16,Q8,,-,C,T
16,Q8,,O,N,B
16,Q8,O,,O,R
16,Q8,,C,-,L
16,Q9,C,,C,T
16,Q9,,O,N,B
16,Q9,O,,O,R
16,Q9,-,,-,L
16,Q10,C,,C,L
16,Q10,O,,O,T
16,Q10,O,,O,R
16,Q10,,O,-,B
16,Q11,,N,C,L
16,Q11,O,,O,T
16,Q11,O,,O,R
16,Q11,-,,-,B
16,Q12,H,,H,T
16,Q12,C,,C,L
16,Q12,C,,C,B
16,Q12,C,,C,R
16,Q13,,C,H,T
16,Q13,,H,C,L
16,Q13,C,,C,B
16,Q13,C,,C,R
16,Q14,H,,H,T
16,Q14,C,,C,L
16,Q14,,N,C,B
16,Q14,O,,O,R
16,Q15,H,,H,T
16,Q15,,H,C,L
16,Q15,,H,C,B
16,Q15,O,,O,R
16,Q16,H,,H,T
16,Q16,H,,H,B
16,Q16,C,,C,L
16,Q16,C,,C,R
16,Q17,H,,H,T
16,Q17,H,,H,B
16,Q17,C,,C,L
16,Q17,C,,C,R
16,Q18,H,,H,L
16,Q18,,-,C,T
16,Q18,,O,N,R
16,Q18,-,,-,B
16,Q19,H,,H,L
16,Q19,C,,C,T
16,Q19,,O,N,R
16,Q19,-,,-,B
16,Q20,H,,H,L
16,Q20,H,,H,B
16,Q20,H,,H,R
16,Q20,C,,C,T
16,Q21,H,,H,L
16,Q21,H,,H,B
16,Q21,H,,H,R
16,Q21,C,,C,T
16,Q22,H,,H,L
16,Q22,H,,H,R
16,Q22,C,,C,T
16,Q22,,O,N,B
16,Q23,H,,H,L
16,Q23,H,,H,R
16,Q23,C,,C,T
16,Q23,N,,N,B
16,Q24,H,,H,L
16,Q24,H,,H,R
16,Q24,C,,C,T
16,Q24,,C,O,B
16,Q25,H,,H,L
16,Q25,H,,H,R
16,Q25,C,,C,T
16,Q25,O,,O,B
16,Q26,H,,H,T
16,Q26,,H,C,B
16,Q26,C,,C,R
16,Q26,,O,N,L
16,Q27,H,,H,T
16,Q27,,N,C,B
16,Q27,,N,C,R
16,Q27,,C,N,L
17,Q0,,N,C,T
17,Q0,,N,C,L
17,Q0,,N,C,B
17,Q0,,N,C,R
17,Q1,C,,C,T
17,Q1,C,,C,L
17,Q1,C,,C,B
17,Q1,C,,C,R
17,Q2,C,,C,T
17,Q2,C,,C,B
17,Q2,N,,N,R
17,Q2,-,,-,L
17,Q3,,N,C,T
17,Q3,C,,C,B
17,Q3,,C,N,R
17,Q3,-,,-,L
17,Q4,C,,C,T
17,Q4,C,,C,B
17,Q4,O,,O,R
17,Q4,-,,-,L
17,Q5,C,,C,T
17,Q5,C,,C,B
17,Q5,O,,O,R
17,Q5,-,,-,L
17,Q6,,C,N,T
17,Q6,,C,N,B
17,Q6,,C,N,R
17,Q6,,C,-,L
17,Q7,,C,N,T
17,Q7,,C,N,B
17,Q7,,C,N,R
17,Q7,-,,-,L
17,Q8,,N,C,T
17,Q8,,O,N,B
17,Q8,O,,O,R
17,Q8,,N,-,L
17,Q9,C,,C,T
17,Q9,N,,N,B
17,Q9,,N,O,R
17,Q9,-,,-,L
17,Q10,,N,C,L
17,Q10,O,,O,T
17,Q10,O,,O,R
17,Q10,,O,-,B
17,Q11,,N,C,L
17,Q11,O,,O,T
17,Q11,O,,O,R
17,Q11,,O,-,B
17,Q12,H,,H,T
17,Q12,C,,C,L
17,Q12,C,,C,B
17,Q12,C,,C,R
17,Q13,H,,H,T
17,Q13,C,,C,L
17,Q13,C,,C,B
17,Q13,C,,C,R
17,Q14,H,,H,T
17,Q14,,N,C,L
17,Q14,C,,C,B
17,Q14,O,,O,R
17,Q15,H,,H,T
17,Q15,C,,C,L
17,Q15,C,,C,B
17,Q15,,N,O,R
17,Q16,H,,H,T
17,Q16,H,,H,B
17,Q16,C,,C,L
17,Q16,C,,C,R
17,Q17,H,,H,T
17,Q17,H,,H,B
17,Q17,C,,C,L
17,Q17,C,,C,R
17,Q18,H,,H,L
17,Q18,,N,C,T
17,Q18,N,,N,R
17,Q18,,C,-,B
17,Q19,H,,H,L
17,Q19,C,,C,T
17,Q19,N,,N,R
17,Q19,-,,-,B
17,Q20,H,,H,L
17,Q20,H,,H,B
17,Q20,H,,H,R
17,Q20,C,,C,T
17,Q21,H,,H,L
17,Q21,H,,H,B
17,Q21,H,,H,R
17,Q21,,H,C,T
17,Q22,H,,H,L
17,Q22,H,,H,R
17,Q22,C,,C,T
17,Q22,N,,N,B
17,Q23,H,,H,L
17,Q23,H,,H,R
17,Q23,,N,C,T
17,Q23,N,,N,B
17,Q24,H,,H,L
17,Q24,H,,H,R
17,Q24,,-,C,T
17,Q24,,H,O,B
17,Q25,H,,H,L
17,Q25,H,,H,R
17,Q25,,N,C,T
17,Q25,O,,O,B
17,Q26,H,,H,T
17,Q26,,N,C,B
17,Q26,C,,C,R
17,Q26,,C,N,L
17,Q27,H,,H,T
17,Q27,C,,C,B
17,Q27,C,,C,R
17,Q27,N,,N,L
18,Q0,C,,C,T
18,Q0,,-,C,L
18,Q0,C,,C,B
18,Q0,C,,C,R
18,Q1,C,,C,T
18,Q1,C,,C,L
18,Q1,C,,C,B
18,Q1,C,,C,R
18,Q2,C,,C,T
18,Q2,C,,C,B
18,Q2,,C,N,R
18,Q2,-,,-,L
18,Q3,,N,C,T
18,Q3,,N,C,B
18,Q3,,C,N,R
18,Q3,-,,-,L
18,Q4,C,,C,T
18,Q4,C,,C,B
18,Q4,O,,O,R
18,Q4,-,,-,L
18,Q5,C,,C,T
18,Q5,C,,C,B
18,Q5,O,,O,R
18,Q5,-,,-,L
18,Q6,N,,N,T
18,Q6,N,,N,B
18,Q6,N,,N,R
18,Q6,,N,-,L
18,Q7,,C,N,T
18,Q7,,C,N,B
18,Q7,,C,N,R
18,Q7,,C,-,L
18,Q8,,H,C,T
18,Q8,,C,N,B
18,Q8,,-,O,R
18,Q8,-,,-,L
18,Q9,C,,C,T
18,Q9,N,,N,B
18,Q9,O,,O,R
18,Q9,-,,-,L
18,Q10,,N,C,L
18,Q10,,-,O,T
18,Q10,O,,O,R
18,Q10,-,,-,B
18,Q11,C,,C,L
18,Q11,O,,O,T
18,Q11,O,,O,R
18,Q11,-,,-,B
18,Q12,H,,H,T
18,Q12,C,,C,L
18,Q12,C,,C,B
18,Q12,,-,C,R
18,Q13,H,,H,T
18,Q13,,-,C,L
18,Q13,C,,C,B
18,Q13,C,,C,R
18,Q14,,C,H,T
18,Q14,,-,C,L
18,Q14,C,,C,B
18,Q14,O,,O,R
18,Q15,H,,H,T
18,Q15,C,,C,L
18,Q15,C,,C,B
18,Q15,O,,O,R
18,Q16,H,,H,T
18,Q16,H,,H,B
18,Q16,,H,C,L
18,Q16,,-,C,R
18,Q17,H,,H,T
18,Q17,H,,H,B
18,Q17,C,,C,L
18,Q17,C,,C,R
18,Q18,H,,H,L
18,Q18,,N,C,T
18,Q18,,C,N,R
18,Q18,-,,-,B
18,Q19,H,,H,L
18,Q19,C,,C,T
18,Q19,,C,N,R
18,Q19,,C,-,B
18,Q20,H,,H,L
18,Q20,H,,H,B
18,Q20,H,,H,R
18,Q20,C,,C,T
18,Q21,H,,H,L
18,Q21,H,,H,B
18,Q21,H,,H,R
18,Q21,C,,C,T
18,Q22,H,,H,L
18,Q22,H,,H,R
18,Q22,,-,C,T
18,Q22,,C,N,B
18,Q23,H,,H,L
18,Q23,H,,H,R
18,Q23,C,,C,T
18,Q23,N,,N,B
18,Q24,H,,H,L
18,Q24,H,,H,R
18,Q24,,H,C,T
18,Q24,,H,O,B
18,Q25,H,,H,L
18,Q25,H,,H,R
18,Q25,C,,C,T
18,Q25,O,,O,B
18,Q26,,C,H,T
18,Q26,C,,C,B
18,Q26,,-,C,R
18,Q26,N,,N,L
18,Q27,H,,H,T
18,Q27,C,,C,B
18,Q27,C,,C,R
18,Q27,,C,N,L
19,Q0,C,,C,T
19,Q0,C,,C,L
19,Q0,C,,C,B
19,Q0,C,,C,R
19,Q1,C,,C,T
19,Q1,C,,C,L
19,Q1,C,,C,B
19,Q1,C,,C,R
19,Q2,C,,C,T
19,Q2,C,,C,B
19,Q2,,O,N,R
19,Q2,-,,-,L
19,Q3,C,,C,T
19,Q3,C,,C,B
19,Q3,,O,N,R
19,Q3,-,,-,L
19,Q4,C,,C,T
19,Q4,C,,C,B
19,Q4,O,,O,R
19,Q4,-,,-,L
19,Q5,C,,C,T
19,Q5,C,,C,B
19,Q5,O,,O,R
19,Q5,-,,-,L
19,Q6,N,,N,T
19,Q6,N,,N,B
19,Q6,N,,N,R
19,Q6,-,,-,L
19,Q7,,C,N,T
19,Q7,N,,N,B
19,Q7,N,,N,R
19,Q7,-,,-,L
19,Q8,C,,C,T
19,Q8,,O,N,B
19,Q8,O,,O,R
19,Q8,-,,-,L
19,Q9,C,,C,T
19,Q9,N,,N,B
19,Q9,O,,O,R
19,Q9,-,,-,L
19,Q10,,N,C,L
19,Q10,,-,O,T
19,Q10,O,,O,R
19,Q10,-,,-,B
19,Q11,,N,C,L
19,Q11,O,,O,T
19,Q11,O,,O,R
19,Q11,-,,-,B
19,Q12,H,,H,T
19,Q12,,N,C,L
19,Q12,C,,C,B
19,Q12,,N,C,R
19,Q13,H,,H,T
19,Q13,C,,C,L
19,Q13,C,,C,B
19,Q13,,N,C,R
19,Q14,H,,H,T
19,Q14,C,,C,L
19,Q14,,O,C,B
19,Q14,O,,O,R
19,Q15,,N,H,T
19,Q15,C,,C,L
19,Q15,,N,C,B
19,Q15,O,,O,R
19,Q16,H,,H,T
19,Q16,,N,H,B
19,Q16,C,,C,L
19,Q16,C,,C,R
19,Q17,H,,H,T
19,Q17,H,,H,B
19,Q17,C,,C,L
19,Q17,C,,C,R
19,Q18,H,,H,L
19,Q18,C,,C,T
19,Q18,N,,N,R
19,Q18,,N,-,B
19,Q19,H,,H,L
19,Q19,C,,C,T
19,Q19,,O,N,R
19,Q19,-,,-,B
19,Q20,H,,H,L
19,Q20,H,,H,B
19,Q20,H,,H,R
19,Q20,C,,C,T
19,Q21,H,,H,L
19,Q21,H,,H,B
19,Q21,H,,H,R
19,Q21,C,,C,T
19,Q22,,C,H,R
19,Q22,,O,C,T
19,Q22,,C,N,L
19,Q22,N,,N,B
19,Q23,H,,H,L
19,Q23,H,,H,R
19,Q23,C,,C,T
19,Q23,,O,N,B
19,Q24,H,,H,L
19,Q24,,N,H,R
19,Q24,C,,C,T
19,Q24,,C,O,B
19,Q25,H,,H,L
19,Q25,H,,H,R
19,Q25,,N,C,T
19,Q25,O,,O,B
19,Q26,H,,H,T
19,Q26,,O,C,B
19,Q26,,N,C,R
19,Q26,,C,N,L
19,Q27,H,,H,T
19,Q27,,O,C,B
19,Q27,,N,C,R
19,Q27,,C,N,L
20,Q0,C,,C,T
20,Q0,C,,C,L
20,Q0,C,,C,B
20,Q0,C,,C,R
20,Q1,C,,C,T
20,Q1,C,,C,L
20,Q1,C,,C,B
20,Q1,C,,C,R
20,Q2,C,,C,T
20,Q2,C,,C,B
20,Q2,,O,N,R
20,Q2,-,,-,L
20,Q3,C,,C,T
20,Q3,C,,C,B
20,Q3,N,,N,R
20,Q3,-,,-,L
20,Q4,,N,C,T
20,Q4,,N,C,B
20,Q4,O,,O,R
20,Q4,-,,-,L
20,Q5,,N,C,T
20,Q5,,N,C,B
20,Q5,O,,O,R
20,Q5,-,,-,L
20,Q6,N,,N,T
20,Q6,N,,N,B
20,Q6,N,,N,R
20,Q6,-,,-,L
20,Q7,N,,N,T
20,Q7,N,,N,B
20,Q7,N,,N,R
20,Q7,-,,-,L
20,Q8,,N,C,T
20,Q8,,O,N,B
20,Q8,O,,O,R
20,Q8,-,,-,L
20,Q9,C,,C,T
20,Q9,N,,N,B
20,Q9,O,,O,R
20,Q9,-,,-,L
20,Q10,C,,C,L
20,Q10,,-,O,T
20,Q10,O,,O,R
20,Q10,-,,-,B
20,Q11,,N,C,L
20,Q11,O,,O,T
20,Q11,O,,O,R
20,Q11,-,,-,B
20,Q12,H,,H,T
20,Q12,C,,C,L
20,Q12,C,,C,B
20,Q12,C,,C,R
20,Q13,H,,H,T
20,Q13,C,,C,L
20,Q13,C,,C,B
20,Q13,C,,C,R
20,Q14,H,,H,T
20,Q14,C,,C,L
20,Q14,C,,C,B
20,Q14,O,,O,R
20,Q15,H,,H,T
20,Q15,C,,C,L
20,Q15,,H,C,B
20,Q15,O,,O,R
20,Q16,H,,H,T
20,Q16,H,,H,B
20,Q16,C,,C,L
20,Q16,C,,C,R
20,Q17,H,,H,T
20,Q17,H,,H,B
20,Q17,C,,C,L
20,Q17,C,,C,R
20,Q18,H,,H,L
20,Q18,C,,C,T
20,Q18,N,,N,R
20,Q18,-,,-,B
20,Q19,H,,H,L
20,Q19,C,,C,T
20,Q19,N,,N,R
20,Q19,-,,-,B
20,Q20,H,,H,L
20,Q20,H,,H,B
20,Q20,H,,H,R
20,Q20,,H,C,T
20,Q21,H,,H,L
20,Q21,H,,H,B
20,Q21,H,,H,R
20,Q21,C,,C,T
20,Q22,H,,H,L
20,Q22,H,,H,R
20,Q22,C,,C,T
20,Q22,N,,N,B
20,Q23,H,,H,L
20,Q23,H,,H,R
20,Q23,C,,C,T
20,Q23,,O,N,B
20,Q24,H,,H,L
20,Q24,H,,H,R
20,Q24,,H,C,T
20,Q24,,H,O,B
20,Q25,H,,H,L
20,Q25,H,,H,R
20,Q25,,H,C,T
20,Q25,O,,O,B
20,Q26,H,,H,T
20,Q26,C,,C,B
20,Q26,C,,C,R
20,Q26,N,,N,L
20,Q27,H,,H,T
20,Q27,,H,C,B
20,Q27,,-,C,R
20,Q27,N,,N,L
21,Q0,C,,C,T
21,Q0,C,,C,L
21,Q0,C,,C,B
21,Q0,C,,C,R
21,Q1,C,,C,T
21,Q1,C,,C,L
21,Q1,C,,C,B
21,Q1,C,,C,R
21,Q2,,N,C,T
21,Q2,,N,C,B
21,Q2,,O,N,R
21,Q2,-,,-,L
21,Q3,C,,C,T
21,Q3,C,,C,B
21,Q3,N,,N,R
21,Q3,-,,-,L
21,Q4,C,,C,T
21,Q4,C,,C,B
21,Q4,O,,O,R
21,Q4,-,,-,L
21,Q5,C,,C,T
21,Q5,C,,C,B
21,Q5,O,,O,R
21,Q5,-,,-,L
21,Q6,N,,N,T
21,Q6,N,,N,B
21,Q6,N,,N,R
21,Q6,-,,-,L
21,Q7,N,,N,T
21,Q7,N,,N,B
21,Q7,N,,N,R
21,Q7,-,,-,L
21,Q8,C,,C,T
21,Q8,,O,N,B
21,Q8,O,,O,R
21,Q8,-,,-,L
21,Q9,C,,C,T
21,Q9,N,,N,B
21,Q9,O,,O,R
21,Q9,-,,-,L
21,Q10,C,,C,L
21,Q10,,N,O,T
21,Q10,O,,O,R
21,Q10,,O,-,B
21,Q11,C,,C,L
21,Q11,O,,O,T
21,Q11,O,,O,R
21,Q11,-,,-,B
21,Q12,H,,H,T
21,Q12,C,,C,L
21,Q12,C,,C,B
21,Q12,C,,C,R
21,Q13,H,,H,T
21,Q13,C,,C,L
21,Q13,C,,C,B
21,Q13,C,,C,R
21,Q14,H,,H,T
21,Q14,C,,C,L
21,Q14,C,,C,B
21,Q14,,N,O,R
21,Q15,H,,H,T
21,Q15,C,,C,L
21,Q15,C,,C,B
21,Q15,O,,O,R
21,Q16,H,,H,T
21,Q16,H,,H,B
21,Q16,C,,C,L
21,Q16,C,,C,R
21,Q17,H,,H,T
21,Q17,H,,H,B
21,Q17,C,,C,L
21,Q17,C,,C,R
21,Q18,H,,H,L
21,Q18,C,,C,T
21,Q18,N,,N,R
21,Q18,-,,-,B
21,Q19,H,,H,L
21,Q19,C,,C,T
21,Q19,N,,N,R
21,Q19,-,,-,B
21,Q20,H,,H,L
21,Q20,H,,H,B
21,Q20,H,,H,R
21,Q20,C,,C,T
21,Q21,H,,H,L
21,Q21,H,,H,B
21,Q21,H,,H,R
21,Q21,C,,C,T
21,Q22,H,,H,L
21,Q22,H,,H,R
21,Q22,C,,C,T
21,Q22,N,,N,B
21,Q23,H,,H,L
21,Q23,H,,H,R
21,Q23,C,,C,T
21,Q23,N,,N,B
21,Q24,H,,H,L
21,Q24,H,,H,R
21,Q24,C,,C,T
21,Q24,,-,O,B
21,Q25,H,,H,L
21,Q25,H,,H,R
21,Q25,C,,C,T
21,Q25,O,,O,B
21,Q26,H,,H,T
21,Q26,C,,C,B
21,Q26,,O,C,R
21,Q26,N,,N,L
21,Q27,H,,H,T
21,Q27,,H,C,B
21,Q27,,H,C,R
21,Q27,N,,N,L
22,Q0,C,,C,T
22,Q0,C,,C,L
22,Q0,C,,C,B
22,Q0,C,,C,R
22,Q1,C,,C,T
22,Q1,C,,C,L
22,Q1,C,,C,B
22,Q1,C,,C,R
22,Q2,C,,C,T
22,Q2,C,,C,B
22,Q2,,O,N,R
22,Q2,-,,-,L
22,Q3,C,,C,T
22,Q3,C,,C,B
22,Q3,N,,N,R
22,Q3,-,,-,L
22,Q4,C,,C,T
22,Q4,C,,C,B
22,Q4,O,,O,R
22,Q4,-,,-,L
22,Q5,C,,C,T
22,Q5,C,,C,B
22,Q5,O,,O,R
22,Q5,-,,-,L
22,Q6,,O,N,T
22,Q6,,O,N,B
22,Q6,,O,N,R
22,Q6,,O,-,L
22,Q7,N,,N,T
22,Q7,N,,N,B
22,Q7,N,,N,R
22,Q7,,N,-,L
22,Q8,C,,C,T
22,Q8,N,,N,B
22,Q8,,N,O,R
22,Q8,-,,-,L
22,Q9,C,,C,T
22,Q9,N,,N,B
22,Q9,O,,O,R
22,Q9,-,,-,L
22,Q10,C,,C,L
22,Q10,O,,O,T
22,Q10,O,,O,R
22,Q10,-,,-,B
22,Q11,C,,C,L
22,Q11,O,,O,T
22,Q11,,-,O,R
22,Q11,-,,-,B
22,Q12,H,,H,T
22,Q12,,N,C,L
22,Q12,C,,C,B
22,Q12,,N,C,R
22,Q13,H,,H,T
22,Q13,,N,C,L
22,Q13,,N,C,B
22,Q13,,N,C,R
22,Q14,H,,H,T
22,Q14,,N,C,L
22,Q14,,O,C,B
22,Q14,O,,O,R
22,Q15,H,,H,T
22,Q15,C,,C,L
22,Q15,C,,C,B
22,Q15,O,,O,R
22,Q16,H,,H,T
22,Q16,H,,H,B
22,Q16,C,,C,L
22,Q16,C,,C,R
22,Q17,H,,H,T
22,Q17,H,,H,B
22,Q17,C,,C,L
22,Q17,,N,C,R
22,Q18,H,,H,L
22,Q18,,N,C,T
22,Q18,,O,N,R
22,Q18,-,,-,B
22,Q19,H,,H,L
22,Q19,C,,C,T
22,Q19,N,,N,R
22,Q19,-,,-,B
22,Q20,H,,H,L
22,Q20,H,,H,B
22,Q20,H,,H,R
22,Q20,C,,C,T
22,Q21,H,,H,L
22,Q21,H,,H,B
22,Q21,H,,H,R
22,Q21,C,,C,T
22,Q22,H,,H,L
22,Q22,H,,H,R
22,Q22,C,,C,T
22,Q22,,-,N,B
22,Q23,H,,H,L
22,Q23,H,,H,R
22,Q23,C,,C,T
22,Q23,N,,N,B
22,Q24,H,,H,L
22,Q24,H,,H,R
22,Q24,C,,C,T
22,Q24,,C,O,B
22,Q25,H,,H,L
22,Q25,H,,H,R
22,Q25,,O,C,T
22,Q25,O,,O,B
22,Q26,H,,H,T
22,Q26,,O,C,B
22,Q26,,N,C,R
22,Q26,,O,N,L
22,Q27,H,,H,T
22,Q27,C,,C,B
22,Q27,C,,C,R
22,Q27,,O,N,L
23,Q0,C,,C,T
23,Q0,,H,C,L
23,Q0,,H,C,B
23,Q0,,H,C,R
23,Q1,,N,C,T
23,Q1,C,,C,L
23,Q1,C,,C,B
23,Q1,C,,C,R
23,Q2,C,,C,T
23,Q2,C,,C,B
23,Q2,,O,N,R
23,Q2,-,,-,L
23,Q3,C,,C,T
23,Q3,C,,C,B
23,Q3,N,,N,R
23,Q3,-,,-,L
23,Q4,,N,C,T
23,Q4,C,,C,B
23,Q4,O,,O,R
23,Q4,-,,-,L
23,Q5,C,,C,T
23,Q5,C,,C,B
23,Q5,O,,O,R
23,Q5,-,,-,L
23,Q6,,O,N,T
23,Q6,,O,N,B
23,Q6,,O,N,R
23,Q6,-,,-,L
23,Q7,N,,N,T
23,Q7,N,,N,B
23,Q7,N,,N,R
23,Q7,-,,-,L
23,Q8,,O,C,T
23,Q8,,O,N,B
23,Q8,,N,O,R
23,Q8,-,,-,L
23,Q9,,N,C,T
23,Q9,,O,N,B
23,Q9,O,,O,R
23,Q9,-,,-,L
23,Q10,C,,C,L
23,Q10,,N,O,T
23,Q10,O,,O,R
23,Q10,-,,-,B
23,Q11,,N,C,L
23,Q11,O,,O,T
23,Q11,O,,O,R
23,Q11,-,,-,B
23,Q12,H,,H,T
23,Q12,C,,C,L
23,Q12,C,,C,B
23,Q12,C,,C,R
23,Q13,H,,H,T
23,Q13,,N,C,L
23,Q13,C,,C,B
23,Q13,C,,C,R
23,Q14,H,,H,T
23,Q14,C,,C,L
23,Q14,C,,C,B
23,Q14,O,,O,R
23,Q15,H,,H,T
23,Q15,C,,C,L
23,Q15,C,,C,B
23,Q15,O,,O,R
23,Q16,H,,H,T
23,Q16,,N,H,B
23,Q16,,H,C,L
23,Q16,,N,C,R
23,Q17,H,,H,T
23,Q17,H,,H,B
23,Q17,C,,C,L
23,Q17,C,,C,R
23,Q18,H,,H,L
23,Q18,,N,C,T
23,Q18,,O,N,R
23,Q18,-,,-,B
23,Q19,H,,H,L
23,Q19,,N,C,T
23,Q19,,O,N,R
23,Q19,-,,-,B
23,Q20,H,,H,L
23,Q20,H,,H,B
23,Q20,H,,H,R
23,Q20,,N,C,T
23,Q21,H,,H,L
23,Q21,H,,H,B
23,Q21,H,,H,R
23,Q21,,N,C,T
23,Q22,H,,H,L
23,Q22,H,,H,R
23,Q22,,N,C,T
23,Q22,,O,N,B
23,Q23,H,,H,L
23,Q23,H,,H,R
23,Q23,,N,C,T
23,Q23,,O,N,B
23,Q24,H,,H,L
23,Q24,H,,H,R
23,Q24,C,,C,T
23,Q24,,C,O,B
23,Q25,H,,H,L
23,Q25,H,,H,R
23,Q25,C,,C,T
23,Q25,O,,O,B
23,Q26,H,,H,T
23,Q26,,N,C,B
23,Q26,,N,C,R
23,Q26,,O,N,L
23,Q27,H,,H,T
23,Q27,C,,C,B
23,Q27,,N,C,R
23,Q27,,O,N,L
24,Q0,C,,C,T
24,Q0,C,,C,L
24,Q0,C,,C,B
24,Q0,C,,C,R
24,Q1,C,,C,T
24,Q1,C,,C,L
24,Q1,C,,C,B
24,Q1,C,,C,R
24,Q2,,N,C,T
24,Q2,,N,C,B
24,Q2,,O,N,R
24,Q2,-,,-,L
24,Q3,C,,C,T
24,Q3,C,,C,B
24,Q3,,O,N,R
24,Q3,-,,-,L
24,Q4,,N,C,T
24,Q4,,N,C,B
24,Q4,O,,O,R
24,Q4,-,,-,L
24,Q5,C,,C,T
24,Q5,C,,C,B
24,Q5,O,,O,R
24,Q5,-,,-,L
24,Q6,,O,N,T
24,Q6,,O,N,B
24,Q6,,C,N,R
24,Q6,,N,-,L
24,Q7,,O,N,T
24,Q7,,O,N,B
24,Q7,,O,N,R
24,Q7,-,,-,L
24,Q8,,N,C,T
24,Q8,,O,N,B
24,Q8,O,,O,R
24,Q8,-,,-,L
24,Q9,C,,C,T
24,Q9,N,,N,B
24,Q9,O,,O,R
24,Q9,-,,-,L
24,Q10,,N,C,L
24,Q10,O,,O,T
24,Q10,O,,O,R
24,Q10,-,,-,B
24,Q11,,N,C,L
24,Q11,O,,O,T
24,Q11,O,,O,R
24,Q11,-,,-,B
24,Q12,H,,H,T
24,Q12,C,,C,L
24,Q12,C,,C,B
24,Q12,C,,C,R
24,Q13,H,,H,T
24,Q13,,H,C,L
24,Q13,C,,C,B
24,Q13,C,,C,R
24,Q14,H,,H,T
24,Q14,,N,C,L
24,Q14,,N,C,B
24,Q14,O,,O,R
24,Q15,H,,H,T
24,Q15,,N,C,L
24,Q15,,N,C,B
24,Q15,O,,O,R
24,Q16,H,,H,T
24,Q16,H,,H,B
24,Q16,C,,C,L
24,Q16,C,,C,R
24,Q17,H,,H,T
24,Q17,H,,H,B
24,Q17,C,,C,L
24,Q17,C,,C,R
24,Q18,H,,H,L
24,Q18,,-,C,T
24,Q18,N,,N,R
24,Q18,,C,-,B
24,Q19,H,,H,L
24,Q19,C,,C,T
24,Q19,N,,N,R
24,Q19,,O,-,B
24,Q20,H,,H,L
24,Q20,H,,H,B
24,Q20,H,,H,R
24,Q20,C,,C,T
24,Q21,H,,H,L
24,Q21,H,,H,B
24,Q21,H,,H,R
24,Q21,C,,C,T
24,Q22,H,,H,L
24,Q22,H,,H,R
24,Q22,C,,C,T
24,Q22,N,,N,B
24,Q23,H,,H,L
24,Q23,H,,H,R
24,Q23,C,,C,T
24,Q23,N,,N,B
24,Q24,H,,H,L
24,Q24,H,,H,R
24,Q24,C,,C,T
24,Q24,,C,O,B
24,Q25,H,,H,L
24,Q25,H,,H,R
24,Q25,C,,C,T
24,Q25,O,,O,B
24,Q26,H,,H,T
24,Q26,C,,C,B
24,Q26,C,,C,R
24,Q26,,O,N,L
24,Q27,H,,H,T
24,Q27,C,,C,B
24,Q27,C,,C,R
24,Q27,N,,N,L
25,Q0,C,,C,T
25,Q0,,N,C,L
25,Q0,C,,C,B
25,Q0,,N,C,R
25,Q1,,N,C,T
25,Q1,,N,C,L
25,Q1,,N,C,B
25,Q1,,N,C,R
25,Q2,C,,C,T
25,Q2,C,,C,B
25,Q2,,O,N,R
25,Q2,-,,-,L
25,Q3,C,,C,T
25,Q3,C,,C,B
25,Q3,,O,N,R
25,Q3,-,,-,L
25,Q4,,N,C,T
25,Q4,,N,C,B
25,Q4,O,,O,R
25,Q4,-,,-,L
25,Q5,,N,C,T
25,Q5,,N,C,B
25,Q5,O,,O,R
25,Q5,-,,-,L
25,Q6,N,,N,T
25,Q6,,O,N,B
25,Q6,,O,N,R
25,Q6,-,,-,L
25,Q7,N,,N,T
25,Q7,,O,N,B
25,Q7,,O,N,R
25,Q7,-,,-,L
25,Q8,C,,C,T
25,Q8,,O,N,B
25,Q8,O,,O,R
25,Q8,-,,-,L
25,Q9,C,,C,T
25,Q9,,O,N,B
25,Q9,O,,O,R
25,Q9,-,,-,L
25,Q10,,N,C,L
25,Q10,O,,O,T
25,Q10,O,,O,R
25,Q10,-,,-,B
25,Q11,C,,C,L
25,Q11,O,,O,T
25,Q11,O,,O,R
25,Q11,-,,-,B
25,Q12,H,,H,T
25,Q12,,-,C,L
25,Q12,C,,C,B
25,Q12,C,,C,R
25,Q13,H,,H,T
25,Q13,C,,C,L
25,Q13,C,,C,B
25,Q13,C,,C,R
25,Q14,H,,H,T
25,Q14,C,,C,L
25,Q14,C,,C,B
25,Q14,O,,O,R
25,Q15,H,,H,T
25,Q15,,N,C,L
25,Q15,C,,C,B
25,Q15,O,,O,R
25,Q16,H,,H,T
25,Q16,H,,H,B
25,Q16,C,,C,L
25,Q16,C,,C,R
25,Q17,H,,H,T
25,Q17,H,,H,B
25,Q17,C,,C,L
25,Q17,C,,C,R
25,Q18,H,,H,L
25,Q18,C,,C,T
25,Q18,N,,N,R
25,Q18,-,,-,B
25,Q19,H,,H,L
25,Q19,C,,C,T
25,Q19,N,,N,R
25,Q19,-,,-,B
25,Q20,H,,H,L
25,Q20,H,,H,B
25,Q20,H,,H,R
25,Q20,C,,C,T
25,Q21,H,,H,L
25,Q21,,C,H,B
25,Q21,H,,H,R
25,Q21,C,,C,T
25,Q22,H,,H,L
25,Q22,H,,H,R
25,Q22,C,,C,T
25,Q22,,O,N,B
25,Q23,H,,H,L
25,Q23,H,,H,R
25,Q23,C,,C,T
25,Q23,,O,N,B
25,Q24,H,,H,L
25,Q24,H,,H,R
25,Q24,C,,C,T
25,Q24,,C,O,B
25,Q25,H,,H,L
25,Q25,H,,H,R
25,Q25,,N,C,T
25,Q25,O,,O,B
25,Q26,H,,H,T
25,Q26,,N,C,B
25,Q26,,N,C,R
25,Q26,,C,N,L
25,Q27,H,,H,T
25,Q27,C,,C,B
25,Q27,C,,C,R
25,Q27,N,,N,L
26,Q0,,-,C,T
26,Q0,C,,C,L
26,Q0,C,,C,B
26,Q0,C,,C,R
26,Q1,,H,C,T
26,Q1,,H,C,L
26,Q1,,H,C,B
26,Q1,,H,C,R
26,Q2,C,,C,T
26,Q2,,-,C,B
26,Q2,N,,N,R
26,Q2,-,,-,L
26,Q3,C,,C,T
26,Q3,C,,C,B
26,Q3,,C,N,R
26,Q3,-,,-,L
26,Q4,C,,C,T
26,Q4,C,,C,B
26,Q4,,N,O,R
26,Q4,-,,-,L
26,Q5,C,,C,T
26,Q5,C,,C,B
26,Q5,,N,O,R
26,Q5,-,,-,L
26,Q6,N,,N,T
26,Q6,N,,N,B
26,Q6,N,,N,R
26,Q6,-,,-,L
26,Q7,N,,N,T
26,Q7,N,,N,B
26,Q7,N,,N,R
26,Q7,-,,-,L
26,Q8,C,,C,T
26,Q8,N,,N,B
26,Q8,O,,O,R
26,Q8,-,,-,L
26,Q9,C,,C,T
26,Q9,N,,N,B
26,Q9,O,,O,R
26,Q9,-,,-,L
26,Q10,,N,C,L
26,Q10,,-,O,T
26,Q10,O,,O,R
26,Q10,-,,-,B
26,Q11,C,,C,L
26,Q11,O,,O,T
26,Q11,O,,O,R
26,Q11,-,,-,B
26,Q12,H,,H,T
26,Q12,C,,C,L
26,Q12,C,,C,B
26,Q12,C,,C,R
26,Q13,H,,H,T
26,Q13,C,,C,L
26,Q13,C,,C,B
26,Q13,C,,C,R
26,Q14,H,,H,T
26,Q14,,-,C,L
26,Q14,,N,C,B
26,Q14,O,,O,R
26,Q15,,C,H,T
26,Q15,,H,C,L
26,Q15,C,,C,B
26,Q15,,N,O,R
26,Q16,,-,H,T
26,Q16,H,,H,B
26,Q16,C,,C,L
26,Q16,C,,C,R
26,Q17,H,,H,T
26,Q17,H,,H,B
26,Q17,C,,C,L
26,Q17,,H,C,R
26,Q18,H,,H,L
26,Q18,C,,C,T
26,Q18,,C,N,R
26,Q18,-,,-,B
26,Q19,H,,H,L
26,Q19,C,,C,T
26,Q19,N,,N,R
26,Q19,-,,-,B
26,Q20,,C,H,L
26,Q20,,N,H,B
26,Q20,,N,H,R
26,Q20,,N,C,T
26,Q21,H,,H,L
26,Q21,H,,H,B
26,Q21,H,,H,R
26,Q21,C,,C,T
26,Q22,H,,H,L
26,Q22,H,,H,R
26,Q22,C,,C,T
26,Q22,N,,N,B
26,Q23,H,,H,L
26,Q23,H,,H,R
26,Q23,,N,C,T
26,Q23,,C,N,B
26,Q24,H,,H,L
26,Q24,H,,H,R
26,Q24,,H,C,T
26,Q24,,H,O,B
26,Q25,H,,H,L
26,Q25,H,,H,R
26,Q25,C,,C,T
26,Q25,,N,O,B
26,Q26,,C,H,T
26,Q26,C,,C,B
26,Q26,C,,C,R
26,Q26,,C,N,L
26,Q27,H,,H,T
26,Q27,C,,C,B
26,Q27,C,,C,R
26,Q27,N,,N,L
27,Q0,C,,C,T
27,Q0,C,,C,L
27,Q0,C,,C,B
27,Q0,C,,C,R
27,Q1,C,,C,T
27,Q1,C,,C,L
27,Q1,C,,C,B
27,Q1,C,,C,R
27,Q2,,-,C,T
27,Q2,C,,C,B
27,Q2,,C,N,R
27,Q2,-,,-,L
27,Q3,C,,C,T
27,Q3,C,,C,B
27,Q3,,O,N,R
27,Q3,-,,-,L
27,Q4,,O,C,T
27,Q4,,H,C,B
27,Q4,O,,O,R
27,Q4,-,,-,L
27,Q5,C,,C,T
27,Q5,C,,C,B
27,Q5,O,,O,R
27,Q5,-,,-,L
27,Q6,N,,N,T
27,Q6,N,,N,B
27,Q6,N,,N,R
27,Q6,-,,-,L
27,Q7,N,,N,T
27,Q7,N,,N,B
27,Q7,N,,N,R
27,Q7,-,,-,L
27,Q8,C,,C,T
27,Q8,N,,N,B
27,Q8,,N,O,R
27,Q8,-,,-,L
27,Q9,,N,C,T
27,Q9,,H,N,B
27,Q9,O,,O,R
27,Q9,-,,-,L
27,Q10,,H,C,L
27,Q10,O,,O,T
27,Q10,O,,O,R
27,Q10,,O,-,B
27,Q11,,N,C,L
27,Q11,O,,O,T
27,Q11,O,,O,R
27,Q11,-,,-,B
27,Q12,,N,H,T
27,Q12,,N,C,L
27,Q12,,-,C,B
27,Q12,,O,C,R
27,Q13,,N,H,T
27,Q13,,H,C,L
27,Q13,,N,C,B
27,Q13,,H,C,R
27,Q14,,C,H,T
27,Q14,C,,C,L
27,Q14,C,,C,B
27,Q14,O,,O,R
27,Q15,H,,H,T
27,Q15,,N,C,L
27,Q15,C,,C,B
27,Q15,,N,O,R
27,Q16,,C,H,T
27,Q16,,C,H,B
27,Q16,,N,C,L
27,Q16,,N,C,R
27,Q17,,N,H,T
27,Q17,,N,H,B
27,Q17,,O,C,L
27,Q17,,O,C,R
27,Q18,,C,H,L
27,Q18,,N,C,T
27,Q18,,C,N,R
27,Q18,-,,-,B
27,Q19,H,,H,L
27,Q19,,N,C,T
27,Q19,N,,N,R
27,Q19,,O,-,B
27,Q20,H,,H,L
27,Q20,H,,H,B
27,Q20,H,,H,R
27,Q20,,H,C,T
27,Q21,H,,H,L
27,Q21,H,,H,B
27,Q21,H,,H,R
27,Q21,,N,C,T
27,Q22,H,,H,L
27,Q22,H,,H,R
27,Q22,C,,C,T
27,Q22,,C,N,B
27,Q23,,C,H,L
27,Q23,,C,H,R
27,Q23,C,,C,T
27,Q23,,H,N,B
27,Q24,H,,H,L
27,Q24,,N,H,R
27,Q24,,N,C,T
27,Q24,O,,O,B
27,Q25,H,,H,L
27,Q25,,C,H,R
27,Q25,C,,C,T
27,Q25,O,,O,B
27,Q26,H,,H,T
27,Q26,C,,C,B
27,Q26,C,,C,R
27,Q26,,C,N,L
27,Q27,,C,H,T
27,Q27,C,,C,B
27,Q27,,N,C,R
27,Q27,,H,N,L
